SEQNO,StationID,StationName,StationAddress,BikeAllowOnHoliday,UpdateTime,lat,lon
1,'BR01',動物園,'11656臺北市文山區新光路2段32號',0,20170525,121.579501,24.998205
2,'BR02',木柵,'11656臺北市文山區木柵路4段135號',0,20170525,121.573127,24.99824
3,'BR03',萬芳社區,'11653臺北市文山區萬芳路60號',0,20170525,121.568088,24.99857
4,'BR04',萬芳醫院,'11696臺北市文山區興隆路3段113號',0,20170525,121.558092,24.99932
5,'BR05',辛亥,'11694臺北市文山區辛亥路4段128號',0,20170525,121.5570455,25.005455
6,'BR06',麟光,'10676臺北市大安區和平東路3段410號',0,20170525,121.5588335,25.018495
7,'BR07',六張犁,'10674臺北市大安區和平東路3段168號',0,20170525,121.55302,25.02381
8,'BR08',科技大樓,'10667臺北市大安區復興南路2段235號',0,20170525,121.5434615,25.02612
9,"'BR09,R05'",大安,"'文湖線：10683臺北市大安區信義路4段2號
淡水信義線：10658臺北市大安區信義路3段180號'",0,20170525,121.54237,25.033311
10,"'BR10,BL15'",忠孝復興,"'文湖線：10654臺北市大安區忠孝東路3段302號
板南線：10691臺北市大安區忠孝東路4段47號'",0,20170525,121.545026,25.041749
11,'BR12',中山國中,'10476臺北市中山區復興北路376號',0,20170525,121.544215,25.06085
12,'BR13',松山機場,'10576臺北市松山區敦化北路338號',0,20170525,121.55201,25.0629075
13,'BR14',大直,'10465臺北市中山區北安路534之1號',0,20170525,121.54679,25.07943
14,'BR15',劍南路,'10464臺北市中山區北安路798號',0,20170525,121.5555825,25.08483
15,'BR16',西湖,'11493臺北市內湖區內湖路1段256號',0,20170525,121.567227,25.08216
16,'BR17',港墘,'11446臺北市內湖區內湖路1段663號',0,20170525,121.57516,25.08007
17,'BR18',文德,'11475臺北市內湖區文德路214號',0,20170525,121.5849995,25.078455
18,'BR19',內湖,'11489臺北市內湖區成功路4段186號',0,20170525,121.594363,25.083675
19,'BR20',大湖公園,'11477臺北市內湖區成功路5段11號',0,20170525,121.602214,25.083805
20,'BR21',葫洲,'11486臺北市內湖區康寧路3段16號',0,20170525,121.6071455,25.07271
21,'BR22',東湖,'11486臺北市內湖區康寧路3段235號',0,20170525,121.611535,25.067455
22,'BR23',南港軟體園區,'11568臺北市南港區經貿二路183號',0,20170525,121.615,25.05992
23,'BR24',南港展覽館,'文湖線：11568臺北市南港區南港路1段32號',0,20170525,121.616861,25.054919
24,'BL23',南港展覽館,'板南線：11568臺北市南港區研究院路1段1號',1,20170525,121.616861,25.054919
25,'R02',象山,'11080臺北市信義區信義路5段152號B1',1,20170525,121.570116,25.032395
26,'R03',台北世貿,'11049臺北市信義區信義路5段20號B1',1,20170525,121.563667,25.032865
27,'R04',信義安和,'10681臺北市大安區信義路4段212之1號B1',1,20170525,121.552326,25.033015
28,'R06',大安森林公園,'10656臺北市大安區信義路3段100號B1 ',1,20170525,121.536151,25.033225
29,'R07',東門,'10650臺北市大安區信義路2段166號B1',1,20170525,121.528766,25.033894
30,"'R08,G10'",中正紀念堂,'10074臺北市中正區羅斯福路1段8之1號B1  ',1,20170525,121.518273,25.032767
31,'R09',台大醫院,'10048臺北市中正區公園路52號B1',1,20170525,121.51602,25.041399
32,"'R10,BL12'",台北車站,'10041臺北市中正區忠孝西路1段49號',0,20170525,121.517415,25.04631
33,"'R11,G14'",中山,"'淡水信義線：10444臺北市中山區南京西路16號
松山新店線：10352臺北市大同區南京西路55號'",1,20170525,121.520364,25.052621
34,'R12',雙連,'10354臺北市大同區民生西路47號',1,20170525,121.520685,25.057575
35,"'R13,O11'",民權西路,'10365臺北市大同區民權西路72號',1,20170525,121.519585,25.06235
36,'R14',圓山,'10367臺北市大同區酒泉街9之1號',1,20170525,121.520074,25.0714085
37,'R15',劍潭,'11163臺北市士林區中山北路5段65號',1,20170525,121.5249545,25.0842015
38,'R16',士林,'11163臺北市士林區福德路1號',1,20170525,121.52623,25.0934925
39,'R17',芝山,'11158臺北市士林區福國路70號',1,20170525,121.522546,25.102718
40,'R18',明德,'11280臺北市北投區明德路95號',1,20170525,121.518785,25.109815
41,'R19',石牌,'11271臺北市北投區石牌路1段200號',1,20170525,121.515572,25.114455
42,'R20',唭哩岸,'11265臺北市北投區東華街2段301號',1,20170525,121.506234,25.1208515
43,'R21',奇岩,'11270臺北市北投區三合街2段489號',1,20170525,121.50114,25.1254705
44,'R22',北投,'11246臺北市北投區光明路1號',1,20170525,121.4986475,25.1318185
45,'R22A',新北投,'11268臺北市北投區大業路700號',1,20170525,121.5025955,25.1369315
46,'R23',復興崗,'11257臺北市北投區中央北路3段53巷10號',1,20170525,121.485456,25.137497
47,'R24',忠義,'11257臺北市北投區中央北路4段301號',1,20170525,121.4732975,25.1309225
48,'R25',關渡,'11259臺北市北投區大度路3段296巷51號',1,20170525,121.467,25.12551
49,'R26',竹圍,'25173新北市淡水區民權路50號',1,20170525,121.45955,25.1369
50,'R27',紅樹林,'25173新北市淡水區中正東路2段68號',1,20170525,121.4588,25.15399
51,'R28',淡水,'25158新北市淡水區中正路1號',0,20170525,121.445805,25.167745
52,'G01',新店,'23152新北市新店區北宜路1段2號',1,20170525,121.53746,24.95761
53,'G02',新店區公所,'23147新北市新店區北新路1段295號',1,20170525,121.5413,24.96744
54,'G03',七張,'23143新北市新店區北新路2段150號',1,20170525,121.542985,24.97545
55,'G01A',小碧潭,'23150新北市新店區中央路151號4樓',1,20170525,121.53058,24.97188
56,'G04',大坪林,'23143新北市新店區北新路3段190號',1,20170525,121.54134,24.9827205
57,'G05',景美,'11674臺北市文山區羅斯福路6段393號',1,20170525,121.5406975,24.992824
58,'G06',萬隆,'11678臺北市文山區羅斯福路5段214號',1,20170525,121.539008,25.001978
59,'G07',公館,'10091臺北市中正區羅斯福路4段74號B1',1,20170525,121.534358,25.014781
60,'G08',台電大樓,'10089臺北市中正區羅斯福路3段126之5號B1',1,20170525,121.5281435,25.020733
61,"'G09,O05'",古亭,'10084臺北市中正區羅斯福路2段164之1號B1 ',1,20170525,121.522868,25.026373
62,'G11',小南門,'10066臺北市中正區愛國西路22號B1',1,20170525,121.51088,25.035585
63,'G13',北門,'10341臺北市大同區塔城街10號',1,20170525,121.510184,25.049554
64,"'G15,O08'",松江南京,'10457臺北市中山區松江路126號B1',1,20170525,121.53285,25.052693
65,"'G16,BR11'",南京復興,'10550臺北市松山區南京東路3段253號',1,20170525,121.544303,25.052044
66,'G17',台北小巨蛋,'10553臺北市松山區南京東路4段10-1號',1,20170525,121.552549,25.05152
67,'G18',南京三民,'10569臺北市松山區南京東路5段237號',1,20170525,121.56471,25.051588
68,'G19',松山,'10567臺北市松山區八德路4段742號',1,20170525,121.577706,25.050118
69,'O01',南勢角,'23566新北市中和區捷運路6號  ',1,20170525,121.509237,24.990065
70,'O02',景安,'23582新北市中和區景平路486號',1,20170525,121.505114,24.99392
71,'O03',永安市場,'23574新北市中和區中和路388號',1,20170525,121.511225,25.002895
72,'O04',頂溪,'23445新北市永和區永和路2段168號B1  ',1,20170525,121.515462,25.013858
73,'O09',行天宮,'10468臺北市中山區松江路316號B1',1,20170525,121.53315,25.05924
74,'O10',中山國小,'10452臺北市中山區民權東路1段71號B1',1,20170525,121.526609,25.062665
75,'O12',大橋頭,'10357臺北市大同區民權西路223號B1',1,20170525,121.5130035,25.06322
76,'O13',台北橋,'24142新北市三重區重新路1段108號B1',1,20170525,121.500575,25.063075
77,'O14',菜寮,'24143新北市三重區重新路3段150號B1 ',1,20170525,121.491421,25.059451
78,'O15',三重,'24161新北市三重區捷運路36號B1 ',1,20170525,121.48422,25.05571
79,'O16',先嗇宮,'24158新北市三重區重新路5段515號B1',1,20170525,121.47165,25.04632
80,'O17',頭前庄,'24251新北市新莊區思源路18號B1',1,20170525,121.461655,25.039735
81,'O18',新莊,'24243新北市新莊區中正路138號B1',1,20170525,121.45218,25.03608
82,'O19',輔大,'24205新北市新莊區中正路510之1號B1',1,20170525,121.435735,25.03279
83,'O20',丹鳳,'24256新北市新莊區中正路624之1號B1',1,20170525,121.422422,25.029073
84,'O21',迴龍,'24257新北市新莊區中正路758號B1',1,20170525,121.411757,25.022107
85,'O50',三重國小,'24149新北市三重區三和路3段5號B1',1,20170525,121.49701,25.070275
86,'O51',三和國中,'24152新北市三重區三和路4段107號B1',1,20170525,121.486795,25.07646
87,'O52',徐匯中學,'24753新北市蘆洲區中山一路3號B1',1,20170525,121.479945,25.080485
88,'O53',三民高中,'24760新北市蘆洲區三民路105號B1',1,20170525,121.473365,25.085425
89,'O54',蘆洲,'24760新北市蘆洲區三民路386號B1',1,20170525,121.46471,25.09152
90,'BL01',頂埔,'23671新北市土城區中央路4段51-6號B3',1,20170525,121.4205,24.96012
91,'BL02',永寧,'23671新北市土城區中央路3段105號B1',1,20170525,121.43613,24.96682
92,'BL03',土城,'23671新北市土城區金城路1段105號B1',1,20170525,121.44432,24.97313
93,'BL04',海山,'23660新北市土城區海山路39號B2',1,20170525,121.44873,24.985305
94,'BL05',亞東醫院,'22060新北市板橋區南雅南路2段17號B1',1,20170525,121.452465,24.99828
95,'BL06',府中,'22055新北市板橋區縣民大道1段193號B1',1,20170525,121.459276,25.008465
96,'BL07',板橋,'22041新北市板橋區站前路5號B1',1,20170525,121.462305,25.013825
97,'BL08',新埔,'22047新北市板橋區民生路3段2號B1',1,20170525,121.468055,25.02327
98,'BL09',江子翠,'22044新北市板橋區文化路2段296號B1',1,20170525,121.47257,25.030265
99,'BL10',龍山寺,'10855臺北市萬華區西園路1段153號',1,20170525,121.500325,25.03528
100,"'BL11,G12'",西門,'10042臺北市中正區寶慶路32之1號B1  ',1,20170525,121.508175,25.042025
101,'BL13',善導寺,'10049臺北市中正區忠孝東路1段58號B1',1,20170525,121.523885,25.04468
102,"'BL14,O07'",忠孝新生,'10652臺北市大安區新生南路1段67號',1,20170525,121.53321,25.042498
103,'BL16',忠孝敦化,'10686臺北市大安區忠孝東路4段182號',1,20170525,121.55045,25.041505
104,'BL17',國父紀念館,'11072臺北市信義區忠孝東路4段400號',1,20170525,121.557815,25.04137
105,'BL18',市政府,'11071臺北市信義區忠孝東路5段2號',1,20170525,121.565685,25.041135
106,'BL19',永春,'11061臺北市信義區忠孝東路5段455號',1,20170525,121.5762,25.040855
107,'BL20',後山埤,'11575臺北市南港區忠孝東路6段2號',1,20170525,121.58227,25.044715
108,'BL21',昆陽,'11558臺北市南港區忠孝東路6段451號',1,20170525,121.5932285,25.0504585
109,'BL22',南港,'11561臺北市南港區忠孝東路7段380號',1,20170525,121.60697,25.052035
